id,name,guide_chapter
P7-024,Sousedé Milady Horákové,Sousedské spolky
P7-025,Sousedé Janovského,Sousedské spolky
P7-026,Sousedé z Orteňáku,Sousedské spolky
P7-027,Sousedé Osadní,Sousedské spolky
P7-028,Sousedé Na Maninách,Sousedské spolky
P7-030,"Dolní Holešovice, z. s.",Zájmové skupiny; Sousedské akce
P7-031,TJ Sokol Bubeneč,Zájmové skupiny
P7-033,Spolek českých bibliofilů,Zájmové skupiny
P7-034,Spolek rodičů při FZŠ Umělecká,Rodičovské spolky
P7-035,"Waldorfská iniciativa Praha, z. s. (ZŠ Strossmayerovo nám.)",Rodičovské spolky
P7-036,Spolek Korunka (ZŠ Korunovační),Rodičovské spolky
P7-038,Spolek rodičů ZŠ TGM,Rodičovské spolky
P7-039,Spolek rodičů Bratrská,Rodičovské spolky
P7-040,Spolek rodičů při ZŠ Fr. Plamínkové,Rodičovské spolky
P7-041,Informační centrum MČ Praha 7,Místní informační toky; Sousedské akce
P7-042,Hobulet (měsíčník MČ),Místní informační toky
P7-043,Munipolis Praha 7,Místní informační toky
