id,status,finding_cs,missing_fields,proposed_changes,evidence,last_activity_seen,confidence,lookups
P7-024,needs_check,"Skupina Sousedé Milady Horákové je stále uvedena na praha7.cz, ale funguje jen jako uzavřená facebooková skupina a za posledních 12 měsíců jsme nenašli žádný nezávislý doklad aktivity (R-001). V průvodci chybí kontakt a způsob zapojení; koordinátoři uvedení na webu MČ jsou soukromé osoby s osobními telefony, které nepřebíráme (R-101).",operator; contact; how_to_join,"operator: neformální sousedská skupina (bez právní formy), podpora MČ Praha 7 – koordinátorka sousedských spolků; p7_location: okolí ulice Milady Horákové, Letná/Holešovice; contact: přes www.praha7.cz/sousedskespolky nebo koordinátorku sousedských spolků MČ (pracovní kontakt), ne osobní telefony; how_to_join: požádat o vstup do uzavřené FB skupiny odkazované z praha7.cz/sousedskespolky","https://www.praha7.cz/sousedskespolky – skupina uvedena v seznamu sousedských spolků MČ, kontakt jen přes uzavřenou FB skupinu a koordinátory-soukromé osoby (telefony nepřebírány, R-101), bez data (checked 2026-10-02) | https://www.praha7.cz/volny-cas-prehled/sousedskespolkyprahy7/ – seznam 6 skupin, koordinátorka MČ Michaela Šormová, bez data (mapa 2021) (checked 2026-10-02) | https://www.praha7.cz/zazit-mesto-jinak-na-sedmicce/ – Zažít město jinak 21. 9. 2024 na 8 místech P7, sousedské skupiny jmenovitě neuvedeny (checked 2026-10-02) | WebSearch 'koordinátorka sousedských spolků Michaela Panko' – na praha7.cz nalezena jen Michaela Šormová, konflikt R-004 nepotvrzen (checked 2026-10-02)",none,low,4
P7-025,needs_check,"Skupina Sousedé Janovského je stále uvedena na praha7.cz, ale funguje jen jako uzavřená facebooková skupina a za posledních 12 měsíců jsme nenašli žádný nezávislý doklad aktivity (R-001). V průvodci chybí kontakt a způsob zapojení; koordinátoři uvedení na webu MČ jsou soukromé osoby s osobními telefony, které nepřebíráme (R-101).",operator; contact; how_to_join,"operator: neformální sousedská skupina (bez právní formy), podpora MČ Praha 7 – koordinátorka sousedských spolků; p7_location: okolí ulice Janovského, Holešovice; contact: přes www.praha7.cz/sousedskespolky nebo koordinátorku sousedských spolků MČ (pracovní kontakt), ne osobní telefony; how_to_join: požádat o vstup do uzavřené FB skupiny odkazované z praha7.cz/sousedskespolky","https://www.praha7.cz/sousedskespolky – skupina uvedena v seznamu sousedských spolků MČ, kontakt jen přes uzavřenou FB skupinu a koordinátory-soukromé osoby (telefony nepřebírány, R-101), bez data (checked 2026-10-02) | https://www.praha7.cz/volny-cas-prehled/sousedskespolkyprahy7/ – seznam 6 skupin, koordinátorka MČ Michaela Šormová, bez data (mapa 2021) (checked 2026-10-02) | https://www.praha7.cz/zazit-mesto-jinak-na-sedmicce/ – Zažít město jinak 21. 9. 2024 na 8 místech P7, sousedské skupiny jmenovitě neuvedeny (checked 2026-10-02) | WebSearch 'koordinátorka sousedských spolků Michaela Panko' – na praha7.cz nalezena jen Michaela Šormová (checked 2026-10-02)",none,low,4
P7-026,needs_check,"Skupina Sousedé z Orteňáku je stále uvedena na praha7.cz, ale funguje jen jako uzavřená facebooková skupina a za posledních 12 měsíců jsme nenašli žádný nezávislý doklad aktivity (R-001). V průvodci chybí kontakt a způsob zapojení; koordinátoři uvedení na webu MČ jsou soukromé osoby s osobními telefony, které nepřebíráme (R-101).",operator; contact; how_to_join,"operator: neformální sousedská skupina (bez právní formy), podpora MČ Praha 7 – koordinátorka sousedských spolků; p7_location: okolí Ortenova náměstí, Holešovice; contact: přes www.praha7.cz/sousedskespolky nebo koordinátorku sousedských spolků MČ (pracovní kontakt), ne osobní telefony; how_to_join: požádat o vstup do uzavřené FB skupiny odkazované z praha7.cz/sousedskespolky","https://www.praha7.cz/sousedskespolky – skupina uvedena v seznamu sousedských spolků MČ, kontakt jen přes uzavřenou FB skupinu a koordinátory-soukromé osoby (telefony nepřebírány, R-101), bez data (checked 2026-10-02) | https://www.praha7.cz/sousedske-slavnosti-na-sedmicce/ – Sousedé z Orteňáku pořádali slavnost na Ortenově nám. 16. 9. 2023 (starší než 12 měsíců) (checked 2026-10-02) | WebSearch 'Zažít město jinak 2026 Praha 7 Ortenovo náměstí' – lokalita existuje, organizátor 2025/2026 nedohledán (checked 2026-10-02) | https://zazitmestojinak.cz/zazitmestojinak.cz/locations_/praha/praha-7/ortenovo-namesti/ – 404 (checked 2026-10-02)",2023-09-16,low,5
P7-027,needs_check,"Skupina Sousedé Osadní je stále uvedena na praha7.cz, ale funguje jen jako uzavřená facebooková skupina a za posledních 12 měsíců jsme nenašli žádný nezávislý doklad aktivity (R-001). V průvodci chybí kontakt a způsob zapojení; koordinátoři uvedení na webu MČ jsou soukromé osoby s osobními telefony, které nepřebíráme (R-101).",operator; contact; how_to_join,"operator: neformální sousedská skupina (bez právní formy), podpora MČ Praha 7 – koordinátorka sousedských spolků; p7_location: okolí ulice Osadní, Holešovice; contact: přes www.praha7.cz/sousedskespolky nebo koordinátorku sousedských spolků MČ (pracovní kontakt), ne osobní telefony; how_to_join: požádat o vstup do uzavřené FB skupiny odkazované z praha7.cz/sousedskespolky","https://www.praha7.cz/sousedskespolky – skupina uvedena v seznamu sousedských spolků MČ, kontakt jen přes uzavřenou FB skupinu a koordinátory-soukromé osoby (telefony nepřebírány, R-101), bez data (checked 2026-10-02) | https://www.praha7.cz/volny-cas-prehled/sousedskespolkyprahy7/ – seznam 6 skupin, koordinátorka MČ Michaela Šormová, bez data (mapa 2021) (checked 2026-10-02) | https://www.dcagora7.cz/listing/sousede-osadni/ – záznam v adresáři DC Agora 7 (Osadní 26), naposledy upraven 6. 2. 2023, nízká důvěra (checked 2026-10-02)",none,low,4
P7-028,needs_check,"Skupina Sousedé Na Maninách je stále uvedena na praha7.cz, ale funguje jen jako uzavřená facebooková skupina a za posledních 12 měsíců jsme nenašli žádný nezávislý doklad aktivity (R-001). V průvodci chybí kontakt a způsob zapojení; koordinátoři uvedení na webu MČ jsou soukromé osoby s osobními telefony, které nepřebíráme (R-101).",operator; contact; how_to_join,"operator: neformální sousedská skupina (bez právní formy), podpora MČ Praha 7 – koordinátorka sousedských spolků; p7_location: okolí ulice Na Maninách, Holešovice; contact: přes www.praha7.cz/sousedskespolky nebo koordinátorku sousedských spolků MČ (pracovní kontakt), ne osobní telefony; how_to_join: požádat o vstup do uzavřené FB skupiny odkazované z praha7.cz/sousedskespolky","https://www.praha7.cz/sousedskespolky – skupina uvedena v seznamu sousedských spolků MČ, kontakt jen přes uzavřenou FB skupinu a koordinátory-soukromé osoby (telefony nepřebírány, R-101), bez data (checked 2026-10-02) | https://www.praha7.cz/volny-cas-prehled/sousedskespolkyprahy7/ – seznam 6 skupin, koordinátorka MČ Michaela Šormová, bez data (mapa 2021) (checked 2026-10-02) | https://www.dcagora7.cz/listing/sousede-na-maninach/ – záznam v adresáři DC Agora 7, naposledy upraven 6. 2. 2023, nízká důvěra (checked 2026-10-02)",none,low,4
P7-030,needs_check,"Kontaktní e-mail v průvodci je neúplný („dolniholesovice@seznam“ bez domény – chyba/placeholder, R-005) a za posledních 12 měsíců jsme nenašli vysoce důvěryhodný doklad aktivity (web nemá, FB/IG nekontrolujeme, R-102). Spolek podle rejstříku existuje bez likvidace; chybí způsob zapojení.",how_to_join,"contact: opravit neúplný e-mail (pravděpodobně dolniholesovice@seznam.cz – NEOVĚŘENO, nutno potvrdit u spolku); operator: Dolní Holešovice, z.s., IČO 04288271, sídlo Praha 7 – Holešovice (spolkový rejstřík L 63244/MSPH)","https://www.chytryrejstrik.cz/ico-04288271/dolni-holesovice-z-s – spolek aktivní v rejstříku od 27. 8. 2015, sídlo Praha 7, bez likvidace (jen existence, ne aktivita) (checked 2026-10-02) | https://www.praha7.cz/nove-stromy-pro-holesovice/ – výtěžek 3. Holešovického plesu na 27 stromů, 25. 11. 2019 (checked 2026-10-02) | https://www.praha7.cz/uklidme-cesko-26/ – úklid v dolních Holešovicích 28. 3. 2026 pořádá MČ, spolek neuveden (checked 2026-10-02) | WebSearch '""Dolní Holešovice"" z. s. spolek 2026' a 'Holešovický ples 2026' – jen rejstříky, FB/IG a ples 2022 (checked 2026-10-02)",2019-11-25,low,5
P7-031,needs_check,"Vlastní web sokol-bubenec.cz se nepodařilo automaticky načíst a jinde jsme nenašli datovaný doklad aktivity za posledních 12 měsíců; florbalový oddíl uvedený v průvodci má na webu svazu data jen ze sezóny 2009/2010, výčet oddílů tedy může být zastaralý. Chybí adresa sokolovny a způsob zapojení.",p7_location; how_to_join,"p7_location: Korunovační 29, 170 00 Praha 7 – Bubeneč; contact: bubenec@sokol.eu (jednota), tel. 233 370 389 (jednota); activities: ověřit aktuální výčet oddílů (florbal?)","https://www.sokol-bubenec.cz – nepodařilo se načíst (automatický přístup nepovolen) (checked 2026-10-02) | https://www.sokol.eu/sokolovna/tj-sokol-bubenec – adresa Korunovační 29, e-mail jednoty, bez oddílů a bez dat (checked 2026-10-02) | https://odm.ceskyflorbal.cz/team/detail/overview/4497?toCs=1 – Fbk Sokol Bubeneč, poslední data sezóna 2009/2010 (checked 2026-10-02) | https://www.bubenec.eu/sokol-bubenec/ – historický článek z 16. 4. 2023 (checked 2026-10-02) | WebSearch 'TJ Sokol Bubeneč oddíly 2026' – nic datovaného (checked 2026-10-02)",none,low,5
P7-033,needs_check,"Vlastní web spolku nemá nic novějšího než valnou hromadu 12. 6. 2021 a vyhledávání „2026“ nic nepřineslo, takže aktivitu za posledních 12 měsíců nelze doložit. Z průvodce není zřejmé, kde spolek na Praze 7 působí (podle starších pozvánek setkání mj. v hotelu Absolutum, Jablonského 4, Holešovice; sídlo dle katalogů Holešovice).",p7_location; how_to_join,"website: spolekceskychbibliofilu.cz (bez www); p7_location: sídlo Praha 7 – Holešovice dle katalogů (NEOVĚŘENO v rejstříku), setkání dříve v hotelu Absolutum, Jablonského 639/4, Praha 7; how_to_join: stránka Členství ve SČB (spolekceskychbibliofilu.cz/scb/clenstvi-v-csb/); časopis: Zprávy SČB","https://spolekceskychbibliofilu.cz/ – poslední datovaná položka valná hromada 12. 6. 2021; časopis Zprávy SČB; místa setkání Galerie Hollar, hotel Absolutum (P7), hotel Villa (checked 2026-10-02) | https://www.spolekceskychbibliofilu.cz – automatický přístup nepovolen (checked 2026-10-02) | https://spolekceskychbibliofilu.cz/kontakt/ – nenačteno (timeout) (checked 2026-10-02) | WebSearch '""Spolek českých bibliofilů"" 2026' a '… sídlo adresa Praha' – jen katalogy (Firmy.cz Holešovice, IČO 00443395), nic datovaného (checked 2026-10-02)",2021-06-12,low,5
P7-034,verified,"Spolek je aktivní – vlastní web má datované aktuality z 24. 10. 2025 až 10. 6. 2026 (mj. projekty podpořené MČ Praha 7). Průvodce odkazuje na fzsumelecka.cz/zs/spolek-rodicu, které se nepodařilo ověřit; spolek dnes používá vlastní web na Google Sites, a chybí způsob zapojení (členský příspěvek 300 Kč).",how_to_join,"website: https://sites.google.com/view/rodice-fzsumelecka (odkaz z průvodce ověřit); contact: rodice.fzsumelecka@gmail.com (e-mail spolku); how_to_join: členství, příspěvek 300 Kč/rok; operator: Spolek rodičů při FZŠ Umělecká, IČO 17379661; text o „třech grantech v letošním školním roce“ je časově vázaný – aktualizovat","https://sites.google.com/view/rodice-fzsumelecka/aktuality – datované aktuality 24. 10. 2025, 1. 4. 2026, 14. 4. 2026, 10. 6. 2026 (členská schůze), příspěvek 300 Kč, e-mail spolku (checked 2026-10-02) | https://www.fzsumelecka.cz/zs/spolek-rodicu – nenačteno (automatický přístup nepovolen), stránku vyhledávání neindexuje (checked 2026-10-02) | https://www.fzsumelecka.cz/pro-zaky-a-rodice – nenačteno (timeout) (checked 2026-10-02) | WebSearch – rejstřík IČO 17379661; škola se dnes jmenuje FZŠ PedF UK a MŠ U Studánky (checked 2026-10-02)",2026-06-10,medium,4
P7-035,needs_check,"Stránka spolku na webu školy je aktuální (název, e-mail výboru, činnosti), ale neobsahuje nic datovaného a vyhledávání nenašlo aktivitu za posledních 12 měsíců – podle pravidla jen středně důvěryhodný doklad. Název školy je v průvodci useknutý („při ZŠ Stross“) – opravit.",,"name: Waldorfská iniciativa Praha, z.s. (při ZŠ Strossmayerovo nám. 4, Letohradský program); contact: vyborspolku@googlegroups.com (skupinový e-mail výboru)","https://www.zsstross.cz/letohradsk%C3%BD-program/spolek-rodi%C4%8D%C5%AF – oficiální název, e-mail výboru, popis činností, bez dat (checked 2026-10-02) | https://www.zsstross.cz – Letohradský program stále existuje (checked 2026-10-02) | https://www.map2praha7.cz/spolky-pri-zs/ – 403 (checked 2026-10-02) | WebSearch '""Waldorfská iniciativa Praha"" 2026 OR 2025' – nic relevantního (checked 2026-10-02)",none,medium,5
P7-036,verified,"Spolek je aktivní – praha7.cz 9. 4. 2026 ohlašuje 9. ročník charitativního bazaru, který Spolek Korunka pořádá se ZŠ Korunovační 25. 4. 2026, a uvádí web www.spolekkorunka.cz. Údaje v průvodci jsou v pořádku.",,contact (doplnit): spolekkorunka@seznam.cz (e-mail spolku); poznámka: obsah webu je i na spolek-korunka.webnode.cz,"https://www.praha7.cz/charitativni-bazar-v-zs-korunovacni-v-sobotu-25-dubna/ – 9. charitativní bazar 25. 4. 2026, pořádá Spolek Korunka a ZŠ Korunovační, web spolekkorunka.cz, publikováno 9. 4. 2026 (checked 2026-10-02) | https://spolek-korunka.webnode.cz/akce/ – 8. bazar 26. 4. 2025, e-mail spolku (checked 2026-10-02) | https://www.spolekkorunka.cz – stránka se načetla bez obsahu (checked 2026-10-02)",2026-04-25,high,3
P7-038,needs_check,"Vlastní web spolku blokuje automatický přístup; podle výsledku vyhledávání má stránku „Aktivity spolku ve školním roce 2025/2026“, takže spolek je pravděpodobně aktivní, ale obsah jsme nemohli ověřit. Rok založení 2018 a web www.spolekrodicu.cz potvrzuje web školy.",how_to_join,website (doplnit): stránka spolku na webu školy https://zstgm7.cz/skola/spolek-rodicu-pri-zs-tgm/; how_to_join: ověřit ručně na spolekrodicu.cz,"http://www.spolekrodicu.cz/akce/ – v snippetu titulek „Aktivity spolku ve školním roce 2025/2026“; samotná stránka nenačtena (robots/timeout) (checked 2026-10-02) | https://zstgm7.cz/skola/spolek-rodicu-pri-zs-tgm/ – spolek od 2018, web spolekrodicu.cz, bez dat (checked 2026-10-02) | WebSearch '""Pochod TGM"" OR ""Z pera a palety"" … 2026' – jen web spolku (checked 2026-10-02)",none,low,5
P7-039,verified,"Spolek je aktivní – web školy uvádí Bratrskou kavárnu ve čtvrtek 24. 9. (2026) a výroční zprávy spolku za 2023/24 a 2024/25. V průvodci chybí, při které škole spolek působí (Bratrská škola, Rajská 300/3) a jak se přihlásit.",p7_location; how_to_join,"p7_location: Bratrská škola – ZŠ Církve československé husitské, Rajská 300/3, 170 00 Praha 7; contact: spolekbratrska@seznam.cz (e-mail spolku); how_to_join: online přihláška na https://bratrska.cz/cs/spolek-rodicu; website: přesněji https://bratrska.cz/cs/spolek-rodicu","https://bratrska.cz/cs/spolek-rodicu – stránka spolku: Bratrská kavárna čt 24. 9. (2026), výroční zprávy 2023/24 a 2024/25, online přihláška, e-mail spolku (checked 2026-10-02) | https://www.praha7.cz/vic-nez-jen-rodicovsky-spolek/ – spolek založen na podzim 2022, Martinská slavnost (21. 12. 2022) (checked 2026-10-02) | https://www.bratrska.cz – automatický přístup nepovolen (checked 2026-10-02)",2026-09-24,medium,4
P7-040,needs_check,"Záznam v průvodci obsahuje jen odkaz www.plaminkova.cz bez popisu; škola podle vyhledávání používá doménu zsplaminkove.cz a spolek má vlastní web na Google Sites, kde není nic datovaného – aktivitu za posledních 12 měsíců nelze doložit. Doplnit popis, místo a způsob zapojení.",p7_location; how_to_join,"website: https://sites.google.com/view/srpsplaminkova (www.plaminkova.cz ověřit – škola má pravděpodobně zsplaminkove.cz); contact: srps.plaminkova@gmail.com (e-mail spolku); p7_location: ZŠ Františky Plamínkové, Františka Křížka 2, 170 00 Praha 7; operator: Spolek rodičů při ZŠ Fr. Plamínkové, IČO 22738410","https://sites.google.com/view/srpsplaminkova – název, IČO, škola Františka Křížka 2, e-mail spolku, bez dat (checked 2026-10-02) | https://www.plaminkova.cz – nenačteno (automatický přístup nepovolen) (checked 2026-10-02) | https://www.zsplaminkove.cz/charakteristika-skoly – web školy (doména dle vyhledávání), nenačten (timeout) (checked 2026-10-02) | WebSearch '""Spolek rodičů"" ZŠ Františky Plamínkové' a '""plaminkova.cz""' – plaminkova.cz se ve výsledcích neobjevuje (checked 2026-10-02)",none,low,5
P7-041,verified,"Infocentrum na Milady Horákové 691/2 je podle oficiální stránky MČ v provozu každý všední den (poslední datovaná zpráva: uzavření kvůli rekonstrukci 9.–27. 6. 2025); slouží hlavně pro Czech POINT, ověřování a parkovací oprávnění. Chybí přesné otevírací hodiny a kontakt.",hours; contact,"hours: Po, St 7:30–12:00 a 13:00–15:00; Út, Čt 7:30–12:00 a 13:00–18:00; Pá 7:30–12:00 a 13:00–14:00; contact: podatelna@praha7.cz, tel. 220 144 111 (ústředna úřadu); services: ověřování listin a podpisů, Czech POINT, parkovací oprávnění, kopírování, informace o MČ","https://www.praha7.cz/radnice/organizacni-struktura/odbor-spravnich-agend/oddeleni-sluzeb-obcanum/pracoviste-informacniho-centra-milady-horakove/ – oficiální stránka: adresa, otevírací doba, služby, bez data (checked 2026-10-02) | https://www.praha7.cz/uzavreni-infocentra-milady-horakove-2-po-dobu-rekonstrukce/ – uzavření 9.–27. 6. 2025 (publikováno 4. 6. 2025) (checked 2026-10-02) | https://www.praha7.cz/ic-milady-horakove-2-bude-23-7-otevreno-do-14-hodin/ – zkrácený provoz 23. 7. 2024 (checked 2026-10-02) | WebSearch 'Informační centrum Praha 7 otevírací doba' (checked 2026-10-02)",2025-06-27,medium,4
P7-042,verified,"Hobulet vychází – archiv na praha7.cz obsahuje čísla 1–9/2026 (11 čísel ročně, v srpnu nevychází) a je zdarma doručován do všech schránek v Praze 7. Chybí kontakt na redakci.",contact,contact: hobulet@praha7.cz (redakce); archive: https://www.praha7.cz/hobulet/archiv-hobuletu/; periodicity: 11 čísel ročně (bez srpna),"https://www.praha7.cz/hobulet/archiv-hobuletu/ – poslední číslo 9/2026 (checked 2026-10-02) | https://www.praha7.cz/hobulet/ – měsíčník, 11× ročně, zdarma do schránek, e-mail redakce (checked 2026-10-02) | WebSearch 'Hobulet Praha 7 září 2026' – článek „Už jste četli zářijový Hobulet?“ (checked 2026-10-02)",2026-09,high,3
P7-043,verified,"Praha 7 Munipolis aktivně používá – oficiální stránka MČ popisuje službu (e-mail, SMS, aplikace, výběr témat) a na platformě Munipolis Praha 7 jsou zveřejněna čísla Hobuletu z prosince 2025 až dubna 2026. Chybí, jak se zaregistrovat.",how_to_join,"how_to_join: registrace zdarma na praha7.munipolis.cz/registrace, v mobilní aplikaci Munipolis nebo papírovým formulářem na úřadě/infocentru; channels: e-mail, SMS, aplikace (hlasové zprávy při krizi); doporučeno uvést ulici","https://www.praha7.cz/potrebuji-zaridit/poskytovani-informaci/munipolis/ – oficiální popis služby, kanály, registrace, od 2019 (checked 2026-10-02) | WebSearch 'praha7.munipolis.cz zpráva 2026' – na admin-storage.munipolis.com/praha7 Hobulet 12/2025, 3/2026, 4/2026 (checked 2026-10-02) | https://praha7.munipolis.cz/ – 403 (checked 2026-10-02) | WebSearch 'Munipolis Praha 7 registrace' (checked 2026-10-02)",2026-04,medium,4
