id,name,type,categories,location,website,guide_chapter,status,finding_cs,verified_on,source
P7-001,Dobrovolnické centrum Agora 7 (NF Agora 7),Organizace (NNO),Dobrovolnictví; Sousedství; Senioři,"V Přístavu 1639/24, Holešovice",dcagora7.cz,Dobrovolnictví; Kdo vás podpoří,verified_changed,"Interně sjednotit: průvodce uvádí dvě koordinátorky (V. Pastuszková – DC, E. Groholová – dobrovolníci) a u DC telefon „xxx“.",2026-10-01,dcagora7.cz
P7-002,Komunitní centrum Přístav 7,Komunitní místo,Komunitní místa; Sousedství; Senioři,"V Přístavu 1639/24, Holešovice",agora7.cz/pristav7,Komunitní centra; Prostory,verified_changed,"V průvodci chybí e-mail („xxx“), u prostor web „www.xxx.cz“ a poznámka „aktualizovat nabídku!“. Některé katalogy (GoOut, Mapotic Semínkovny) stále uvádějí starou adresu Jankovcova 8b. Součást sítě Místní místním.",2026-10-01,agora7.cz/pristav7; dcagora7.cz/listing/pristav-7
P7-003,Centrum Elpida – Přístav,Organizace (NNO),Senioři; Vzdělávání,"V Přístavu 1639/24, Holešovice",centrum.elpida.cz,(v průvodci jen nepřímo u Botaniculy I),verified_changed,"Doplnit jako samostatný záznam do kapitoly Senioři. Web Elpidy uvádí e-mail pristav@elpida.cz, průvodce pristav7@elpida.cz.",2026-10-01,centrum.elpida.cz/pobocka-pristav
P7-004,Botanicula I.,Komunitní zahrada,Zahrady a zeleň; Senioři,"u Přístavu 7, Holešovice",elpida.cz,Komunitní zahrady,verified_changed,"Existence potvrzena (Elpida + NF Agora 7, 11 záhonů). Opravit e-mail na pristav@elpida.cz (dle webu Elpidy).",2026-10-01,centrum.elpida.cz/pobocka-pristav
P7-005,Botanicula II.,Komunitní zahrada,Zahrady a zeleň; Děti a rodiny; Sousedství,"u Přístavu 7, Holešovice",agora7.cz,Komunitní zahrady,needs_check,Interně: je osobní e-mail stále platný? Pro veřejný záznam zvážit obecný e-mail.,2026-10-01,agora7.cz
P7-006,Prazelenina,Komunitní zahrada,Zahrady a zeleň; Sousedství,Holešovice,prazelenina.cz,Komunitní zahrady,verified,"Aktivní: sezona 2026 (duben–říjen), záhony pro 2026 zadané (květen 2026).",2026-10-01,prazelenina.cz
P7-007,MetroFarm,Komunitní zahrada,Zahrady a zeleň; Děti a rodiny,Císařský ostrov; guerilla gardening Šimáčkova 908/17,metrofarm.cz,Komunitní zahrady; Zeleň,verified_changed,Aktivní. Doplnit konkrétní místo na P7 (Císařský ostrov) – spolek působí na 4 místech v Praze; sídlo spolku je Praha 4.,2026-10-01,metrofarm.cz
P7-008,Komunitní zahrádka Stromovka (u Malé říčky),Komunitní zahrada,Zahrady a zeleň,"Stromovka, za viaduktem",(mapko.cz),Komunitní zahrady,needs_check,"Na webu nedohledáno, kdo zahrádku provozuje ani zda funguje. Ověřit u Kokozy / Lesů hl. m. Prahy.",2026-10-01,–
P7-009,Vodárenská věž Letná,Komunitní místo,Komunitní místa; Kultura; Děti a rodiny,"Na Výšinách 1, Letná",vodarenskavezletna.cz,Komunitní centra; Prostory,verified_changed,"Aktivní (program říjen 2026, sousedská knihovna, dopravní hřiště). Doplnit provozovatele: DDM Praha 7.",2026-10-01,vodarenskavezletna.cz
P7-010,Kulturně komunitní centrum ART,Komunitní místo,Komunitní místa; Kultura; Duševní zdraví; Senioři,"Nad Královskou Oborou 55, Letná",altanart.cz,Komunitní centra,verified_changed,Web aktivní. Doplnit adresu (v průvodci chybí).,2026-10-01,altanart.cz
P7-011,Městská knihovna – Sedmička + Klubovna Sedmička,Instituce / veřejná služba,Komunitní místa; Vzdělávání,Tusarova 429/35 (vchod z Komunardů),mlp.cz/cz/pobocky/sedmicka,Děti; Prostory,verified_changed,"Klubovna je nyní prezentována jako coworking pro doučování, workshopy, setkání, jazyky i deskové hry. Podmínky (čtenář 15+) ověřit.",2026-10-01,mlp.cz/en/pobocky/sedmicka
P7-012,Bytové družstvo Veletržní 17,Živý dům,Sousedství,Veletržní 17,veletrzni17.cz,Živé domy,needs_check,"Web běží na zastaralém systému (frames), obsah nelze ověřit.",2026-10-01,veletrzni17.cz
P7-013,Včely na střeše (Miloš Vondruška),Neformální iniciativa,Zahrady a zeleň,Veletržní 17 (střecha),vcelynastrese.cz,Živé domy,needs_check,Web blokuje automatické ověření – zkontrolovat ručně.,2026-10-01,–
P7-014,Rodinné centrum Letná,Organizace (NNO),Děti a rodiny; Dobrovolnictví,Janovského 1349/24,rcletna.cz,Děti; Prostory,verified_changed,"Aktivní. Otevírací doba herny se liší: web uvádí středu a pátek 9–12, jiná stránka webu út/st/pá; průvodce „3× týdně“. Ověřit a sjednotit.",2026-10-01,rcletna.cz
P7-015,Holešovice Mothers,Online skupina (FB),Děti a rodiny; Migrace a inkluze,Holešovice,facebook.com (skupina),Děti; Jazykové bubliny; Sociální sítě,needs_check,V průvodci „(doplnit příběh)“ a soukromý telefon – do veřejného záznamu nedávat bez souhlasu. Skupina uvedena 3× – sloučit.,2026-10-01,–
P7-016,Babička a dědeček ze sousedství (program MČ),Program MČ,Senioři; Děti a rodiny,Infocentrum P7,praha7.cz/babicka-ze-sousedstvi,Děti,needs_check,"Ověřit, zda program a nástěnka stále fungují.",2026-10-01,–
P7-017,Junák – skautské oddíly na Praze 7,Organizace (NNO),Mládež; Děti a rodiny,Praha 7,skaut.cz,Mládež; Zájmové skupiny,needs_check,Uvedeno 2× bez konkrétních středisek – doplnit názvy oddílů a kluboven na P7.,2026-10-01,–
P7-018,Hnutí Brontosaurus – Regionální centrum Praha,Organizace (NNO),Mládež; Životní prostředí; Dobrovolnictví,"Malířská 231/6, Bubeneč (klubovna)",praha.brontosaurus.cz,Mládež; Zájmové skupiny,verified_changed,Aktivní. Uvedeno 2× – sloučit. Doplnit adresu klubovny a dětský oddíl BRĎO Praha (schůzky v úterý od 16:00).,2026-10-01,praha.brontosaurus.cz/kontakty; /detske-oddily
P7-019,Cirkusárna,Organizace / kroužek,Děti a rodiny; Migrace a inkluze; Kultura,Praha 7 (dříve ZŠ Tusarova),facebook.com/Cirkusarna,Zájmové skupiny,needs_check,"Naposledy dohledán projekt Cirkinclusion (2022, Slovo 21). Ověřit aktuální činnost a místo kroužků.",2026-10-01,darujme.cz/projekt/1207638
P7-020,MigAct,Organizace (NNO),Migrace a inkluze; Vzdělávání,"sídlo Revoluční 762/13, Praha 1; působí na P7",migact.net,Jazykové a kulturní bubliny,verified_changed,Aktivní. Sídlo je mimo P7; na P7 běží projekt komunitních spojek s Agorou 7 a MČ (podzim 2026). V průvodci označeno „nutné doplnit“.,2026-10-01,migact.net
P7-021,CLAP 2 / Together in Prague 7,Projekt,Migrace a inkluze,Praha 7,,Jazykové a kulturní bubliny,needs_check,"V průvodci jen název, bez popisu a kontaktu.",2026-10-01,–
P7-022,"Jazykové kurzy – META, CIC, Kroky dobra",Organizace (NNO),Migrace a inkluze; Vzdělávání,Praha 3 a okolí,meta-ops.eu; cicops.cz; krokydobra.cz,Jazykové a kulturní bubliny,needs_check,"Text je převzatý z průvodce Prahou 3 („Na Praze 3 a v blízkém okolí…“). Ověřit působení na P7, případně nahradit místními kurzy.",2026-10-01,text průvodce
P7-023,Sousedé U Studánky,Neformální skupina,Sousedství,Letná,FB skupina,Sousedské spolky,needs_check,Uvedeno na webu MČ (seznam z r. 2021); aktivitu FB skupiny ověřit.,2026-10-01,praha7.cz/volny-cas-prehled/sousedskespolkyprahy7
P7-024,Sousedé Milady Horákové,Neformální skupina,Sousedství,Letná,FB skupina,Sousedské spolky,needs_check,Uvedeno na webu MČ (seznam z r. 2021); aktivitu FB skupiny ověřit.,2026-10-01,praha7.cz/volny-cas-prehled/sousedskespolkyprahy7
P7-025,Sousedé Janovského,Neformální skupina,Sousedství,Holešovice,FB skupina,Sousedské spolky,needs_check,Uvedeno na webu MČ (seznam z r. 2021); aktivitu FB skupiny ověřit.,2026-10-01,praha7.cz/volny-cas-prehled/sousedskespolkyprahy7
P7-026,Sousedé z Orteňáku,Neformální skupina,Sousedství,Holešovice,FB skupina,Sousedské spolky,needs_check,Uvedeno na webu MČ (seznam z r. 2021); aktivitu FB skupiny ověřit.,2026-10-01,praha7.cz/volny-cas-prehled/sousedskespolkyprahy7
P7-027,Sousedé Osadní,Neformální skupina,Sousedství,Holešovice,FB skupina,Sousedské spolky,needs_check,Uvedeno na webu MČ (seznam z r. 2021); aktivitu FB skupiny ověřit.,2026-10-01,praha7.cz/volny-cas-prehled/sousedskespolkyprahy7
P7-028,Sousedé Na Maninách,Neformální skupina,Sousedství,Holešovice,FB skupina,Sousedské spolky,needs_check,Uvedeno na webu MČ i na dcagora7.cz; aktivitu FB skupiny ověřit.,2026-10-01,praha7.cz; dcagora7.cz/listings
P7-029,Koordinátorka sousedských spolků a seniorské politiky (MČ Praha 7),Program MČ,Sousedství; Senioři,"U Průhonu 1338/38, dveře 2.09",praha7.cz,Sousedské spolky; Místní kontakty,verified_changed,"Průvodce si odporuje: str. Sousedské spolky uvádí Michaelu Šormovou (SormovaM@), Místní kontakty Michaelu Panko (PankoM@, dveře 2.08). Aktuální web MČ: Michaela Panko, pankom@praha7.cz, dveře 2.09. Stránka MČ o spolcích ale stále uvádí Šormovou – upozornit radnici.",2026-10-01,praha7.cz – Oddělení podpory bydlení
P7-030,"Dolní Holešovice, z. s.",Organizace (spolek),Sousedství; Sport; Kultura,U Vody 1401/5 (sídlo),facebook.com/dolniholesovice,Zájmové skupiny; Sousedské akce,needs_check,"E-mail v průvodci je neúplný („dolniholesovice@seznam“). Spolek existuje (IČO 04288271), sociální sítě málo aktivní – ověřit činnost a Holešovický ples 2026.",2026-10-01,rejstrik-firem.kurzy.cz/04288271
P7-031,TJ Sokol Bubeneč,Organizace (spolek),Sport; Děti a rodiny,Bubeneč,sokol-bubenec.cz,Zájmové skupiny,needs_check,"Web běží na zastaralém systému (frames), obsah nelze ověřit.",2026-10-01,sokol-bubenec.cz
P7-032,Divadelní spolek Ty-já-tr,Organizace (spolek),Kultura; Vzdělávání; Senioři; Sociální pomoc,"sídlo Milady Horákové 24; hraje v Klubu Letka, Letohradská 44",ty-ja-tr.cz,Zájmové skupiny,verified_changed,Aktivní. Doplnit: pořádá Letenský masopust (spolu s NZM) a Klub SEN pro seniory v Klubu Letka.,2026-10-01,ty-ja-tr.cz; praha7.cz
P7-033,Spolek českých bibliofilů,Organizace (spolek),Kultura,?,spolekceskychbibliofilu.cz,Zájmové skupiny,needs_check,"Neověřeno, zda má vazbu na P7 – zvážit vyřazení.",2026-10-01,–
P7-034,Spolek rodičů při FZŠ Umělecká,Rodičovský spolek,Děti a rodiny; Vzdělávání,FZŠ Umělecká,fzsumelecka.cz/zs/spolek-rodicu,Rodičovské spolky,needs_check,Neověřeno.,2026-10-01,–
P7-035,"Waldorfská iniciativa Praha, z. s. (ZŠ Strossmayerovo nám.)",Rodičovský spolek,Děti a rodiny; Vzdělávání,ZŠ Strossmayerovo nám.,zsstross.cz,Rodičovské spolky,needs_check,"Odkaz v průvodci obsahuje diakritiku (…/letohradský-program/spolek-rodičů) – pravděpodobně nefunkční, opravit.",2026-10-01,–
P7-036,Spolek Korunka (ZŠ Korunovační),Rodičovský spolek,Děti a rodiny; Vzdělávání; Sousedství,Korunovační 8/164,korunka.org,Rodičovské spolky,verified_changed,"Aktivní (charitativní bazar 25. 4. 2026, rodičovská kavárna 13. 10. 2026). Průvodce odkazuje na spolekkorunka.cz – akce teď prezentuje web školy korunka.org.",2026-10-01,praha7.cz; korunka.org
P7-037,"Montessori Korunka, z. s.",Rodičovský spolek,Děti a rodiny; Vzdělávání,Korunovační 164/8,montessorikorunka.cz,Rodičovské spolky,verified,"Aktivní (IČO 05185424, tým 2026/2027).",2026-10-01,montessorikorunka.cz
P7-038,Spolek rodičů ZŠ TGM,Rodičovský spolek,Děti a rodiny; Vzdělávání,Ortenovo nám. 34,spolekrodicu.cz,Rodičovské spolky,needs_check,Neověřeno.,2026-10-01,–
P7-039,Spolek rodičů Bratrská,Rodičovský spolek,Děti a rodiny; Vzdělávání,ZŠ Bratrská (Letná),bratrska.cz,Rodičovské spolky,needs_check,Neověřeno.,2026-10-01,–
P7-040,Spolek rodičů při ZŠ Fr. Plamínkové,Rodičovský spolek,Děti a rodiny; Vzdělávání,ZŠ Fr. Plamínkové,plaminkova.cz,Rodičovské spolky,needs_check,V průvodci chybí popis. Neověřeno.,2026-10-01,–
P7-041,Informační centrum MČ Praha 7,Info kanál,Info kanály,Milady Horákové 691/2; U Průhonu 38,praha7.cz,Místní informační toky; Sousedské akce,needs_check,"Průvodce uvádí jednou jedno IC (Milady Horákové), jinde dvě (U Průhonu 38 + Milady Horákové 2) – sjednotit.",2026-10-01,–
P7-042,Hobulet (měsíčník MČ),Info kanál,Info kanály,,praha7.cz,Místní informační toky,needs_check,Kanál MČ – nekontrolováno.,2026-10-01,–
P7-043,Munipolis Praha 7,Info kanál,Info kanály,,,Místní informační toky,needs_check,Kanál MČ – nekontrolováno.,2026-10-01,–
P7-044,Letenská parta,Online skupina (FB),Info kanály; Sousedství,Letná / celá P7,,Sociální sítě,needs_check,FB nelze automaticky ověřit.,2026-10-01,–
P7-045,Holešovická parta,Online skupina (FB),Info kanály; Sousedství,Holešovice,,Sociální sítě,needs_check,FB nelze automaticky ověřit.,2026-10-01,–
P7-046,Mámy a tátové Praha 7,Online skupina (FB),Děti a rodiny,Praha 7,,Sociální sítě,needs_check,FB nelze automaticky ověřit.,2026-10-01,–
P7-047,Babičky ze Sedmičky,Online skupina (FB),Senioři; Děti a rodiny,Praha 7,,Sociální sítě,needs_check,"V průvodci „nově vznikající“ – ověřit, zda se rozjela.",2026-10-01,–
P7-048,Sousedé darují Praha 7,Online skupina (FB),Re-use a cirkularita,Praha 7,,Sociální sítě; Nový život pro staré věci,needs_check,FB nelze automaticky ověřit. Odkaz „str. 46“ v kapitole re-use nesedí (sociální sítě jsou na str. 50).,2026-10-01,–
P7-049,Online Swap Praha 7,Online skupina (FB),Re-use a cirkularita,Praha 7,,Sociální sítě,needs_check,FB nelze automaticky ověřit.,2026-10-01,–
P7-050,SWAP PRAGUE 7,Online skupina (FB),Re-use a cirkularita,Praha 7,,Sociální sítě,needs_check,"Dvě swapové skupiny – ověřit, zda jsou obě aktivní, případně sloučit.",2026-10-01,–
P7-051,Bleší trh Heřmaňák,Akce,Re-use a cirkularita; Sousedství,Řezáčovo náměstí,facebook.com/blesakhermanak,Nový život pro staré věci; Proč se zapojit,verified,"Aktivní: poslední sobota v měsíci, termíny 2026 do 31. 10.",2026-10-01,praguest.com; allevents.in
P7-052,Farmářské tržiště Heřmaňák,Akce,Jídlo,Řezáčovo náměstí,farmarsketrziste.cz,Jídlo lokálně,verified_changed,"Aktivní 2026 (sobota, březen–říjen). Opravit počet stánků: 20–25 (průvodce uvádí 30).",2026-10-01,kudyznudy.cz
P7-053,Františkovy lásky (Bio Oko),Akce,Kultura; Sousedství,Letná,biooko.net,Sousedské akce,needs_check,"Ověřit, zda se koná i po roce 2025.",2026-10-01,–
P7-054,Holešovický ples,Akce,Kultura; Sousedství,Holešovice (dříve KZ Domovina),,Sousedské akce,needs_check,Pořádá Dolní Holešovice z. s. + Prazelenina; poslední ročník ověřit.,2026-10-01,praha7.cz
P7-055,Letenský masopust,Akce,Kultura; Sousedství,Strossmayerovo nám. → NTM → NZM,praha7.cz,Sousedské akce,verified_changed,Konal se 24. 1. 2026. Doplnit pořadatele: Ty-já-tr + Národní zemědělské muzeum.,2026-10-01,praha7.cz/letensky-masopust-24-ledna-2026
P7-056,Kosení ve Stromovce,Akce,Životní prostředí; Sousedství,Stromovka – Květnatá louka,,Sousedské akce; Proč se zapojit,verified_changed,"Konalo se 30. 5. 2025 (12. ročník, s Lesy hl. m. Prahy). Termín bývá konec května / začátek června, ne vždy „první pátek v červnu“.",2026-10-01,denik.cz (6/2025)
P7-057,Biojarmark (NZM),Akce,Jídlo,Národní zemědělské muzeum,,Jídlo lokálně,needs_check,Neověřeno.,2026-10-01,–
P7-058,Šatník Praha (Šatník Nory Fridrichové),Organizace (nadační fond),Sociální pomoc; Re-use a cirkularita; Dobrovolnictví,"Hala 13, Pražská tržnice, Bubenské nábř. 306",satnikpraha.cz,Nový život pro staré věci; Materiální pomoc,verified_changed,"Aktivní. Doplnit, že sídlí přímo na P7 (Holešovická tržnice); dary přijímá denně 10–16.",2026-10-01,satnikpraha.cz
P7-059,STO•RE – cirkulární spot,Sociální / cirkulární podnik,Re-use a cirkularita,"Holešovická tržnice, hala H13A",sto-re.cz,Nový život pro staré věci,verified_changed,"Aktivní (kurzy renovace 10–11/2026). Doplnit otevírací dobu: Po–Čt 11–18, So 10–15.",2026-10-01,sto-re.cz
P7-060,Fashion Charity Shop (Klub svobodných matek),Charitativní obchod,Sociální pomoc; Re-use a cirkularita,Dukelských hrdinů 564/34,klubsvobodnychmatek.cz/fashioncharityshop,Materiální pomoc,verified_changed,"Aktivní. Průvodce odkazuje na fashioncharityshop.com – ověřit, nebo nahradit webem KSM.",2026-10-01,klubsvobodnychmatek.cz
P7-061,Oděvní banka (Klub svobodných matek),Organizace (NNO),Sociální pomoc,"Povltavská 5/74, Troja",odevnibanka.cz,Materiální pomoc,verified,Aktivní. Pozn.: Troja je samostatná MČ (správní obvod P7).,2026-10-01,odevnibanka.cz
P7-062,Oblastní spolek ČČK Praha 7,Organizace (NNO),Sociální pomoc; Zdraví,Janovského 29,cckpraha7.cz,Materiální pomoc,needs_check,"Web naposledy aktualizován cca 2022. Ověřit, zda ošacovací středisko stále funguje.",2026-10-01,cckpraha7.cz
P7-063,Místní místním (Solidární síť),Organizace (NNO),Sociální pomoc,síť podniků po Praze,mistnimistnim.cz,Materiální pomoc,verified_changed,"Organizace aktivní. Doplnit konkrétní zapojená místa na P7 (dříve Restart Shop, Přístav 7, Studio Hrdinů, Knihkopec) – ověřit aktuální seznam.",2026-10-01,praha7.cz/vsichni-dohromady; praha.eu
P7-064,Zavěšené kafe – Coffeeshare,Iniciativa,Sociální pomoc,kavárny na P7,coffeeshare.cz,Materiální pomoc,needs_check,"Neověřeno, které kavárny na P7 se účastní.",2026-10-01,–
P7-065,Dobročinný obchod Sue Ryder – Heřmanka,Charitativní obchod,Senioři; Re-use a cirkularita; Dobrovolnictví,Heřmanova 596/59,sue-ryder.cz,Dobrovolnictví; Materiální pomoc,verified,Aktivní.,2026-10-01,firmy.cz; mapotic Swap Festival 2025
P7-066,Dobročinný obchod Cesta domů,Charitativní obchod,Re-use a cirkularita; Dobrovolnictví,Bubenská 421/3 (vchod z Antonínské),cestadomu.cz,Dobrovolnictví; Materiální pomoc,verified,Aktivní. Cesta domů na P7 nabízí i podpůrné skupiny pro pozůstalé (kapitola Svépomocné skupiny).,2026-10-01,cestadomu.cz/kontakt
P7-067,Restart Shop,Sociální podnik,Sociální pomoc; Re-use a cirkularita,Komunardů 432/14,restartshop.cz,Materiální pomoc,verified_changed,"Aktivní. Doplnit sociální rozměr: provozuje Česká asociace streetwork, tréninkové zaměstnávání lidí bez domova (s MČ P7).",2026-10-01,restartshop.cz
P7-068,Naber si – bezobalový obchod,Obchod,Jídlo; Re-use a cirkularita,Dukelských hrdinů 909/50,naber.si,Jídlo lokálně,closed,Web uvádí TRVALE UZAVŘENO – z průvodce vyřadit.,2026-10-01,naber.si
P7-069,Výdejna chutí,Sociální / komunitní podnik,Jídlo; Sousedství,"sídlo Dukelských hrdinů 407/26; výdejny Lajka, Bubenka",vydejnachuti.cz,Jídlo lokálně,verified_changed,"Aktivní. Doplnit konkrétní výdejní místa na P7: Kavárna a pivovar Lajka, Bubenka.",2026-10-01,vydejnachuti.cz/vydejny/seznam
P7-070,Knihobudky na Praze 7,Iniciativa,Re-use a cirkularita; Kultura,více míst,knihobudka.cz,Nový život pro staré věci,needs_check,Doplnit konkrétní místa na P7.,2026-10-01,–
P7-071,Nábytková banka Praha,Organizace (NNO),Sociální pomoc; Re-use a cirkularita,Praha 4,nabytkovka.cz,Nový život pro staré věci,outside_area,"Ponechat jako tip, ne jako místního aktéra.",2026-10-01,text průvodce
